alphaP_list,alphaN_list,alphaF_list,beta_list,phi_list,tau_list
0.39963209507789,0.39963209507789,0.39963209507789,3.0,0,0
0.8605714451279329,0.8605714451279329,0.8605714451279329,3.0,0,0
0.685595153449124,0.685595153449124,0.685595153449124,3.0,0,0
0.5789267873576293,0.5789267873576293,0.5789267873576293,3.0,0,0
0.22481491235394924,0.22481491235394924,0.22481491235394924,3.0,0,0
0.22479561626896213,0.22479561626896213,0.22479561626896213,3.0,0,0
0.14646688973455957,0.14646688973455957,0.14646688973455957,3.0,0,0
0.7929409166199481,0.7929409166199481,0.7929409166199481,3.0,0,0
0.5808920093945671,0.5808920093945671,0.5808920093945671,3.0,0,0
0.6664580622368363,0.6664580622368363,0.6664580622368363,3.0,0,0
0.11646759543664197,0.11646759543664197,0.11646759543664197,3.0,0,0
0.8759278817295955,0.8759278817295955,0.8759278817295955,3.0,0,0
0.7659541126403374,0.7659541126403374,0.7659541126403374,3.0,0,0
0.26987128854262094,0.26987128854262094,0.26987128854262094,3.0,0,0
0.24545997376568052,0.24545997376568052,0.24545997376568052,3.0,0,0
0.24672360788274705,0.24672360788274705,0.24672360788274705,3.0,0,0
0.3433937943676302,0.3433937943676302,0.3433937943676302,3.0,0,0
0.5198051453057903,0.5198051453057903,0.5198051453057903,3.0,0,0
0.4455560149136927,0.4455560149136927,0.4455560149136927,3.0,0,0
0.3329833121584336,0.3329833121584336,0.3329833121584336,3.0,0,0
0.5894823157779036,0.5894823157779036,0.5894823157779036,3.0,0,0
0.21159508852163347,0.21159508852163347,0.21159508852163347,3.0,0,0
0.3337157188281745,0.3337157188281745,0.3337157188281745,3.0,0,0
0.39308947463495336,0.39308947463495336,0.39308947463495336,3.0,0,0
0.46485598737362877,0.46485598737362877,0.46485598737362877,3.0,0,0
0.728140769114411,0.728140769114411,0.728140769114411,3.0,0,0
0.25973902572668783,0.25973902572668783,0.25973902572668783,3.0,0,0
0.5113875507308893,0.5113875507308893,0.5113875507308893,3.0,0,0
0.573931655089634,0.573931655089634,0.573931655089634,3.0,0,0
0.13716033017599819,0.13716033017599819,0.13716033017599819,3.0,0,0
0.5860358815211507,0.5860358815211507,0.5860358815211507,3.0,0,0
0.23641929894983324,0.23641929894983324,0.23641929894983324,3.0,0,0
0.15204127438822362,0.15204127438822362,0.15204127438822362,3.0,0,0
0.8591084298026667,0.8591084298026667,0.8591084298026667,3.0,0,0
0.8725056264596475,0.8725056264596475,0.8725056264596475,3.0,0,0
0.746717878493169,0.746717878493169,0.746717878493169,3.0,0,0
0.34369101533869656,0.34369101533869656,0.34369101533869656,3.0,0,0
0.1781376912051071,0.1781376912051071,0.1781376912051071,3.0,0,0
0.6473864212097256,0.6473864212097256,0.6473864212097256,3.0,0,0
0.45212199499168104,0.45212199499168104,0.45212199499168104,3.0,0,0
0.19763058787582308,0.19763058787582308,0.19763058787582308,3.0,0,0
0.4961415280890161,0.4961415280890161,0.4961415280890161,3.0,0,0
0.12751081689217472,0.12751081689217472,0.12751081689217472,3.0,0,0
0.8274563216630256,0.8274563216630256,0.8274563216630256,3.0,0,0
0.3070239852800135,0.3070239852800135,0.3070239852800135,3.0,0,0
0.6300178274831856,0.6300178274831856,0.6300178274831856,3.0,0,0
0.34936886087152874,0.34936886087152874,0.34936886087152874,3.0,0,0
0.5160544169422486,0.5160544169422486,0.5160544169422486,3.0,0,0
0.5373682234746238,0.5373682234746238,0.5373682234746238,3.0,0,0
0.24788356442042164,0.24788356442042164,0.24788356442042164,3.0,0,0
0.8756677022116469,0.8756677022116469,0.8756677022116469,3.0,0,0
0.7201062586888917,0.7201062586888917,0.7201062586888917,3.0,0,0
0.8515991532513513,0.8515991532513513,0.8515991532513513,3.0,0,0
0.815861880342119,0.815861880342119,0.815861880342119,3.0,0,0
0.5783199830488681,0.5783199830488681,0.5783199830488681,3.0,0,0
0.8374993880184934,0.8374993880184934,0.8374993880184934,3.0,0,0
0.1707940016415356,0.1707940016415356,0.1707940016415356,3.0,0,0
0.25678628993531616,0.25678628993531616,0.25678628993531616,3.0,0,0
0.13618183112843046,0.13618183112843046,0.13618183112843046,3.0,0,0
0.36026426461061145,0.36026426461061145,0.36026426461061145,3.0,0,0
0.4109418317515856,0.4109418317515856,0.4109418317515856,3.0,0,0
0.3170792254191167,0.3170792254191167,0.3170792254191167,3.0,0,0
0.7629900073215435,0.7629900073215435,0.7629900073215435,3.0,0,0
0.38540266135487145,0.38540266135487145,0.38540266135487145,3.0,0,0
0.32474760774990463,0.32474760774990463,0.32474760774990463,3.0,0,0
0.5341568665265988,0.5341568665265988,0.5341568665265988,3.0,0,0
0.21273937997981013,0.21273937997981013,0.21273937997981013,3.0,0,0
0.7417575846032317,0.7417575846032317,0.7417575846032317,3.0,0,0
0.15964051494381667,0.15964051494381667,0.15964051494381667,3.0,0,0
0.8895095492804138,0.8895095492804138,0.8895095492804138,3.0,0,0
0.717795815437326,0.717795815437326,0.717795815437326,3.0,0,0
0.2589725452273379,0.2589725452273379,0.2589725452273379,3.0,0,0
0.10441769369888193,0.10441769369888193,0.10441769369888193,3.0,0,0
0.7523691427638673,0.7523691427638673,0.7523691427638673,3.0,0,0
0.6654858750780936,0.6654858750780936,0.6654858750780936,3.0,0,0
0.6832057344327899,0.6832057344327899,0.6832057344327899,3.0,0,0
0.7170162773487566,0.7170162773487566,0.7170162773487566,3.0,0,0
0.1592357213872723,0.1592357213872723,0.1592357213872723,3.0,0,0
0.38677258283541815,0.38677258283541815,0.38677258283541815,3.0,0,0
0.1926952476201038,0.1926952476201038,0.1926952476201038,3.0,0,0
0.7904827407004749,0.7904827407004749,0.7904827407004749,3.0,0,0
0.5986385014620463,0.5986385014620463,0.5986385014620463,3.0,0,0
0.3647184198821194,0.3647184198821194,0.3647184198821194,3.0,0,0
0.15084668022881892,0.15084668022881892,0.15084668022881892,3.0,0,0
0.34878585737252976,0.34878585737252976,0.34878585737252976,3.0,0,0
0.36014665762139764,0.36014665762139764,0.36014665762139764,3.0,0,0
0.6836849426704512,0.6836849426704512,0.6836849426704512,3.0,0,0
0.6100459770841705,0.6100459770841705,0.6100459770841705,3.0,0,0
0.8097701940610612,0.8097701940610612,0.8097701940610612,3.0,0,0
0.4777719401295595,0.4777719401295595,0.4777719401295595,3.0,0,0
0.19567539675064138,0.19567539675064138,0.19567539675064138,3.0,0,0
0.670595829778396,0.670595829778396,0.670595829778396,3.0,0,0
0.708628038893518,0.708628038893518,0.708628038893518,3.0,0,0
0.549021758055597,0.549021758055597,0.549021758055597,3.0,0,0
0.7167737439636488,0.7167737439636488,0.7167737439636488,3.0,0,0
0.49503647709151266,0.49503647709151266,0.49503647709151266,3.0,0,0
0.5181862635055953,0.5181862635055953,0.5181862635055953,3.0,0,0
0.44203281468683975,0.44203281468683975,0.44203281468683975,3.0,0,0
0.12033530139527615,0.12033530139527615,0.12033530139527615,3.0,0,0
0.18631314159464357,0.18631314159464357,0.18631314159464357,3.0,0,0
0.1251433485493874,0.1251433485493874,0.1251433485493874,3.0,0,0
0.6091283290110243,0.6091283290110243,0.6091283290110243,3.0,0,0
0.3514847848610614,0.3514847848610614,0.3514847848610614,3.0,0,0
0.5068565529317622,0.5068565529317622,0.5068565529317622,3.0,0,0
0.8260531791408744,0.8260531791408744,0.8260531791408744,3.0,0,0
0.2994337833191,0.2994337833191,0.2994337833191,3.0,0,0
0.42830633842850385,0.42830633842850385,0.42830633842850385,3.0,0,0
0.7044409108344389,0.7044409108344389,0.7044409108344389,3.0,0,0
0.283038532393298,0.283038532393298,0.283038532393298,3.0,0,0
0.1615839278630344,0.1615839278630344,0.1615839278630344,3.0,0,0
0.3318011623310144,0.3318011623310144,0.3318011623310144,3.0,0,0
0.22897702980320356,0.22897702980320356,0.22897702980320356,3.0,0,0
0.8437581218740585,0.8437581218740585,0.8437581218740585,3.0,0,0
0.7464963036515336,0.7464963036515336,0.7464963036515336,3.0,0,0
0.6067230052083388,0.6067230052083388,0.6067230052083388,3.0,0,0
0.7971684721501742,0.7971684721501742,0.7971684721501742,3.0,0,0
0.7429376615192916,0.7429376615192916,0.7429376615192916,3.0,0,0
0.24925604710882868,0.24925604710882868,0.24925604710882868,3.0,0,0
0.8140471987919823,0.8140471987919823,0.8140471987919823,3.0,0,0
0.5314737935325206,0.5314737935325206,0.5314737935325206,3.0,0,0
0.74595212413125,0.74595212413125,0.74595212413125,3.0,0,0
0.8168730399387946,0.8168730399387946,0.8168730399387946,3.0,0,0
0.35440277997749114,0.35440277997749114,0.35440277997749114,3.0,0,0
0.18804153962214143,0.18804153962214143,0.18804153962214143,3.0,0,0
0.28234813003355336,0.28234813003355336,0.28234813003355336,3.0,0,0
0.4416862309010051,0.4416862309010051,0.4416862309010051,3.0,0,0
0.7544118127379945,0.7544118127379945,0.7544118127379945,3.0,0,0
0.7885844666050748,0.7885844666050748,0.7885844666050748,3.0,0,0
0.10556170442495257,0.10556170442495257,0.10556170442495257,3.0,0,0
0.5085978420620526,0.5085978420620526,0.5085978420620526,3.0,0,0
0.4339288025190232,0.4339288025190232,0.4339288025190232,3.0,0,0
0.2776862483765842,0.2776862483765842,0.2776862483765842,3.0,0,0
0.19589229386694626,0.19589229386694626,0.19589229386694626,3.0,0,0
0.37009213712290234,0.37009213712290234,0.37009213712290234,3.0,0,0
0.8543277631300153,0.8543277631300153,0.8543277631300153,3.0,0,0
0.35856234561660416,0.35856234561660416,0.35856234561660416,3.0,0,0
0.5150324973946929,0.5150324973946929,0.5150324973946929,3.0,0,0
0.6624151671161422,0.6624151671161422,0.6624151671161422,3.0,0,0
0.39090368190343516,0.39090368190343516,0.39090368190343516,3.0,0,0
0.8774256661767685,0.8774256661767685,0.8774256661767685,3.0,0,0
0.869957835953689,0.869957835953689,0.869957835953689,3.0,0,0
0.3014258366602913,0.3014258366602913,0.3014258366602913,3.0,0,0
0.49779880471390836,0.49779880471390836,0.49779880471390836,3.0,0,0
0.34070264785341575,0.34070264785341575,0.34070264785341575,3.0,0,0
0.3278723955019741,0.3278723955019741,0.3278723955019741,3.0,0,0
0.12950955788362625,0.12950955788362625,0.12950955788362625,3.0,0,0
0.5876514671839175,0.5876514671839175,0.5876514671839175,3.0,0,0
0.5021432185830892,0.5021432185830892,0.5021432185830892,3.0,0,0
0.14118300099999148,0.14118300099999148,0.14118300099999148,3.0,0,0
0.32291717138928916,0.32291717138928916,0.32291717138928916,3.0,0,0
0.8266127087733229,0.8266127087733229,0.8266127087733229,3.0,0,0
0.29164951253357796,0.29164951253357796,0.29164951253357796,3.0,0,0
0.21591589767297847,0.21591589767297847,0.21591589767297847,3.0,0,0
0.49156220822205043,0.49156220822205043,0.49156220822205043,3.0,0,0
0.8885203632884806,0.8885203632884806,0.8885203632884806,3.0,0,0
0.2936442172092003,0.2936442172092003,0.2936442172092003,3.0,0,0
0.6377084379247029,0.6377084379247029,0.6377084379247029,3.0,0,0
0.7092956922629741,0.7092956922629741,0.7092956922629741,3.0,0,0
0.29011003519391976,0.29011003519391976,0.29011003519391976,3.0,0,0
0.6825730788894877,0.6825730788894877,0.6825730788894877,3.0,0,0
0.39422650617540256,0.39422650617540256,0.39422650617540256,3.0,0,0
0.6058446644748636,0.6058446644748636,0.6058446644748636,3.0,0,0
0.6068237686087158,0.6068237686087158,0.6068237686087158,3.0,0,0
0.5286197472598068,0.5286197472598068,0.5286197472598068,3.0,0,0
0.17223181604352666,0.17223181604352666,0.17223181604352666,3.0,0,0
0.7682419964713904,0.7682419964713904,0.7682419964713904,3.0,0,0
0.35662405197738867,0.35662405197738867,0.35662405197738867,3.0,0,0
0.2492148083198834,0.2492148083198834,0.2492148083198834,3.0,0,0
0.13262011324381115,0.13262011324381115,0.13262011324381115,3.0,0,0
0.5727143545505935,0.5727143545505935,0.5727143545505935,3.0,0,0
0.642051489473826,0.642051489473826,0.642051489473826,3.0,0,0
0.11327026314228493,0.11327026314228493,0.11327026314228493,3.0,0,0
0.5096744466394248,0.5096744466394248,0.5096744466394248,3.0,0,0
0.28119662015835034,0.28119662015835034,0.28119662015835034,3.0,0,0
0.6161382323275599,0.6161382323275599,0.6161382323275599,3.0,0,0
0.23949314320399318,0.23949314320399318,0.23949314320399318,3.0,0,0
0.6527501904819728,0.6527501904819728,0.6527501904819728,3.0,0,0
0.4093882770404299,0.4093882770404299,0.4093882770404299,3.0,0,0
0.8493839909893877,0.8493839909893877,0.8493839909893877,3.0,0,0
0.21001675531679462,0.21001675531679462,0.21001675531679462,3.0,0,0
0.37285308084020685,0.37285308084020685,0.37285308084020685,3.0,0,0
0.19077881699247126,0.19077881699247126,0.19077881699247126,3.0,0,0
0.8397548946228502,0.8397548946228502,0.8397548946228502,3.0,0,0
0.8018714827047848,0.8018714827047848,0.8018714827047848,3.0,0,0
0.30635330217212453,0.30635330217212453,0.30635330217212453,3.0,0,0
0.6279872368273433,0.6279872368273433,0.6279872368273433,3.0,0,0
0.7537777601609726,0.7537777601609726,0.7537777601609726,3.0,0,0
0.5441606492795699,0.5441606492795699,0.5441606492795699,3.0,0,0
0.5237204626848052,0.5237204626848052,0.5237204626848052,3.0,0,0
0.2934818327203613,0.2934818327203613,0.2934818327203613,3.0,0,0
0.17448221424471938,0.17448221424471938,0.17448221424471938,3.0,0,0
0.8177726063626615,0.8177726063626615,0.8177726063626615,3.0,0,0
0.8203344457306644,0.8203344457306644,0.8203344457306644,3.0,0,0
0.6064811658186143,0.6064811658186143,0.6064811658186143,3.0,0,0
0.37122383283896054,0.37122383283896054,0.37122383283896054,3.0,0,0
0.37936765969012876,0.37936765969012876,0.37936765969012876,3.0,0,0
0.6807645430961915,0.6807645430961915,0.6807645430961915,3.0,0,0
0.8176882079620617,0.8176882079620617,0.8176882079620617,3.0,0,0
0.8096691394120938,0.8096691394120938,0.8096691394120938,3.0,0,0
0.7239004366860992,0.7239004366860992,0.7239004366860992,3.0,0,0
