subid,nll_idrnn_task0,nll_idrnn_task1,nll_idrnn_all,nll_cp_rnn_task0,nll_cp_rnn_task1,nll_cp_rnn_all,nll_vanilla_task0,nll_vanilla_task1,nll_vanilla_all,nll_cog_em,nll_cog_cp,nll_ill_em,nll_ill_cp
2,0.4819883406162262,0.4288516640663147,0.46073368191719055,0.4089563488960266,0.4323993921279907,0.4183335602283478,0.38545235991477966,0.40134865045547485,0.39181089401245117,0.4596510816781503,0.4867822808201852,0.4455062573808338,0.5213525309345453
3,0.44092151522636414,0.8276245594024658,0.5956027507781982,0.4519883990287781,0.830944299697876,0.603570818901062,0.420328289270401,0.7970016598701477,0.5709975957870483,0.6522998141393186,0.7121355324965702,0.7494623076972282,0.7446366946137846
4,0.3322571814060211,0.6422011256217957,0.45623472332954407,0.34608009457588196,0.6443971395492554,0.46540695428848267,0.2937335669994354,0.5919894576072693,0.41303589940071106,0.5916700721944176,0.6040733196180618,0.6263096316772742,0.6458678545466464
6,0.4782683551311493,0.7136938571929932,0.5724385976791382,0.47483718395233154,0.7066279053688049,0.5675535202026367,0.466751366853714,0.7038132548332214,0.5615761280059814,0.6124964591782545,0.6399863544682808,0.6640817843875708,0.674932368895934
7,0.7195389270782471,1.1031925678253174,0.87300044298172,0.7186065912246704,1.1272342205047607,0.8820577263832092,0.655849814414978,1.0553206205368042,0.8156382441520691,0.8283310576841186,0.8778568898066987,0.8604973925719123,0.8812427992671774
8,0.653581976890564,0.7878401279449463,0.707285463809967,0.6605073809623718,0.7885814905166626,0.7117370367050171,0.533687949180603,0.7589014172554016,0.6237733960151672,0.7302825135858566,0.7227906831414405,0.7474246598228819,0.7531329601486598
10,0.6821891069412231,0.8947899341583252,0.7672293782234192,0.6362327337265015,0.9144879579544067,0.7475346922874451,0.4916061460971832,0.7664921879768372,0.6015605926513672,0.7212666325136948,0.7617862745197285,0.7224025412068897,0.7188713794567588
11,0.47298309206962585,0.48626944422721863,0.47829756140708923,0.46563640236854553,0.5004329085350037,0.4795549213886261,0.4388488829135895,0.47396352887153625,0.4528946876525879,0.6099811886805884,0.6155425242064952,0.7194402636946888,0.7182121300340844
12,0.37118712067604065,0.72093665599823,0.5110868811607361,0.3829500377178192,0.7185856699943542,0.5172042846679688,0.3240705132484436,0.6996439695358276,0.47429993748664856,0.6594049855876584,0.6655900262927417,0.6960210520903914,0.6958389656350384
13,0.4399868845939636,0.967171847820282,0.6508608460426331,0.45045045018196106,0.9794483184814453,0.6620496511459351,0.42554399371147156,0.9731802344322205,0.6445986032485962,0.6982705390111512,0.7108583485688564,0.7310232876616485,0.7311464924346981
14,0.44378119707107544,0.947493314743042,0.6452659964561462,0.45991456508636475,0.963028073310852,0.661159873008728,0.4073004424571991,0.941866934299469,0.6211269497871399,0.7187182238166508,0.7295003702214822,0.7561690450877449,0.750965854444451
16,0.5413919687271118,1.3115555047988892,0.8494573831558228,0.5637643337249756,1.3457740545272827,0.8765681982040405,0.4593537747859955,1.1863791942596436,0.7501640319824219,0.8495031961163202,0.8558691054954076,0.8407077324545671,0.8559397527438448
17,0.38341495394706726,0.8801344633102417,0.5821027159690857,0.3423888087272644,0.9049896597862244,0.5674291253089905,0.30187833309173584,0.7708349823951721,0.4894609749317169,0.6579325373502144,0.6666345755160515,0.6717724562339215,0.6712300139313386
19,0.43682441115379333,0.6658223271369934,0.5284236073493958,0.4470420181751251,0.6627734303474426,0.5333346128463745,0.41106265783309937,0.6540029048919678,0.5082387328147888,0.5916055435834638,0.6436857685171837,0.6659372362441954,0.6728096531948161
20,0.37848225235939026,0.6578851342201233,0.490243524312973,0.3877220153808594,0.6602013111114502,0.4967137277126312,0.3631476163864136,0.6315264105796814,0.470499187707901,0.6395382422223392,0.6569954858197506,0.6235928445564077,0.6520763974959467
21,0.4816845655441284,0.46498265862464905,0.47500380873680115,0.4830208420753479,0.4734514653682709,0.4791931211948395,0.38726016879081726,0.4603870213031769,0.4165108799934387,0.5160760004424607,0.5766839419498164,0.5659121432181904,0.6088550604011387
23,0.41724756360054016,1.1878724098205566,0.7254975438117981,0.44396641850471497,1.196044683456421,0.7447975873947144,0.3530596196651459,1.0990784168243408,0.6514672636985779,0.8152913085270375,0.842312039860757,0.919120392732926,0.9561949874430592
24,0.4740658402442932,0.9625998735427856,0.669479489326477,0.49821773171424866,0.9870405197143555,0.69374680519104,0.4650820791721344,0.9502361416816711,0.6591436862945557,0.7001199999444871,0.7505119958026021,0.7409491868693951,0.7364576706633895
25,0.4246661365032196,0.3689674437046051,0.4023866355419159,0.4371781051158905,0.3861455023288727,0.4167650043964386,0.3885548710823059,0.3532882332801819,0.3744482100009918,0.4332674195096298,0.4914090840195229,0.4477568117071844,0.5411340354772242
26,0.621734082698822,1.1995638608932495,0.8528661727905273,0.6106531620025635,1.2533493041992188,0.8677316308021545,0.5495718717575073,1.1910899877548218,0.8061791658401489,0.8749013170273077,0.911946269871871,0.8844127371821309,0.917340387745279
27,0.5673429369926453,1.0801222324371338,0.772454559803009,0.600681722164154,1.1243008375167847,0.8101293444633484,0.5586109161376953,1.0944106578826904,0.7729308009147644,0.8109168367611401,0.8296050077792558,0.8243900424052495,0.8357641775148545
28,0.5207176208496094,0.968856155872345,0.6999729871749878,0.5403774380683899,0.9803130626678467,0.7163517475128174,0.5073911547660828,0.9548267722129822,0.6863653659820557,0.743706582172316,0.7819166266980143,0.7935204090637558,0.7978482502796933
29,0.5684567093849182,0.42090752720832825,0.5094370245933533,0.47668835520744324,0.40442460775375366,0.4477829039096832,0.410123735666275,0.33123642206192017,0.37856876850128174,0.337905662005546,0.4158313452917963,0.357156736757728,0.4863887826772048
31,0.7413581013679504,0.34825828671455383,0.584118127822876,0.6497433185577393,0.36871233582496643,0.5373309850692749,0.6230838894844055,0.3352636396884918,0.5079557299613953,0.5413629195088884,0.5816317779243508,0.6412663697529086,0.6574769699689691
32,0.47911685705184937,0.8433306217193604,0.6248024106025696,0.46514666080474854,0.8582254648208618,0.6223781108856201,0.44639888405799866,0.8393177390098572,0.6035664677619934,0.6890996065121551,0.6976558193766088,0.7294056535316734,0.7295669651192639
33,0.6246951222419739,0.9317036271095276,0.7474985718727112,0.6502562165260315,0.9447982311248779,0.7680730819702148,0.5979591012001038,0.9073026180267334,0.7216965556144714,0.7161939670544977,0.7780116916799036,0.7700562610198953,0.771335517352664
34,0.5731538534164429,0.5846062302589417,0.5777347683906555,0.6099433302879333,0.5922002196311951,0.602846086025238,0.5317877531051636,0.5390742421150208,0.5347024202346802,0.6233866665984585,0.624919826266344,0.6734703150916869,0.686893952837678
35,0.5835286974906921,0.889213502407074,0.7058026790618896,0.5848497152328491,0.8950541615486145,0.7089315056800842,0.5075207948684692,0.8632433414459229,0.6498097777366638,0.7163207026758628,0.7138688378876274,0.7353784507787997,0.730646184129939
36,0.5838900208473206,0.9306114912033081,0.7225786447525024,0.6319959163665771,0.9470617771148682,0.7580221891403198,0.5319504141807556,0.8509561419487,0.6595526933670044,0.6861394782436048,0.7389527389127097,0.7155520203429093,0.7177223198605476
37,0.2676168978214264,0.3729676306247711,0.30975720286369324,0.3264608085155487,0.4276374876499176,0.3669314682483673,0.30765238404273987,0.40986213088035583,0.3485363721847534,0.5350481277424723,0.5811429265797101,0.7897960209623789,0.7853692287069639
38,0.2901996970176697,0.48846057057380676,0.36950400471687317,0.31834086775779724,0.49184951186180115,0.38774430751800537,0.2960902154445648,0.47337064146995544,0.3670024573802948,0.6039152898288365,0.6194854709841101,0.7400119827898937,0.7387139729525821
40,0.4558560252189636,0.7653933167457581,0.5796709060668945,0.5127996206283569,0.7725790143013,0.616711437702179,0.33462366461753845,0.6819635629653931,0.4735596776008606,0.6043953347336812,0.6481150467823941,0.6544940660825164,0.6587662051844556
41,0.8066975474357605,0.5305260419845581,0.6962289214134216,0.8019142746925354,0.5294870138168335,0.692943274974823,0.7494229078292847,0.4981219470500946,0.6489024758338928,0.6461093592227428,0.6650996500552802,0.7628909349723879,0.7613761428455808
46,0.3542654812335968,0.8595098257064819,0.5563631057739258,0.3307778537273407,0.8697102665901184,0.5463508367538452,0.3128513991832733,0.7559528946876526,0.4900919198989868,0.6765210243108294,0.725535523510281,0.7152110126955832,0.7177903959684336
48,0.5091298222541809,0.5046455264091492,0.5073360800743103,0.4911820590496063,0.5232071876525879,0.5039921998977661,0.46775856614112854,0.500786542892456,0.48096975684165955,0.5774152448023193,0.5931289495345139,0.7231913839597682,0.721901832547935
49,0.4220521152019501,0.774351179599762,0.562971830368042,0.4543713331222534,0.7807567715644836,0.5849255323410034,0.3712367117404938,0.6734869480133057,0.49213680624961853,0.6866594741803452,0.6936604958302228,0.7378793052548632,0.7365449646902008
51,0.7234604954719543,0.5784022808074951,0.6654373407363892,0.6099851727485657,0.5731041431427002,0.5952327847480774,0.5575225353240967,0.5241534113883972,0.5441749095916748,0.5808215871608545,0.6019878984027953,0.6803858047614978,0.6775352239965173
52,0.4657035768032074,0.4682602882385254,0.46672624349594116,0.45613765716552734,0.4756397604942322,0.46393856406211853,0.4079957604408264,0.4644518196582794,0.4305781424045563,0.4924194653988257,0.5398299256144601,0.5452027986931216,0.5780837176602699
53,0.5222225785255432,0.631226122379303,0.5658240914344788,0.5010709762573242,0.6303001642227173,0.5527626872062683,0.44185635447502136,0.624424934387207,0.514883816242218,0.6322640745558213,0.6367103044023534,0.6766438419166939,0.7051400677094296
55,0.6017237305641174,0.7927563190460205,0.6781367063522339,0.6436778903007507,0.7995229959487915,0.7060158848762512,0.5302272439002991,0.7293217778205872,0.6098650693893433,0.6384070552073948,0.6778629629324644,0.6887264497790869,0.6876584480502165
56,0.5761795043945312,0.47716161608695984,0.5365723967552185,0.5182386040687561,0.47108811140060425,0.499378502368927,0.4438500702381134,0.4596616327762604,0.4501746892929077,0.472254313113584,0.4991836776934209,0.5415944697662803,0.5757584077101997
59,0.48420268297195435,0.6959332823753357,0.5688949227333069,0.4862614870071411,0.689331591129303,0.5674895644187927,0.44623950123786926,0.682159423828125,0.5406075119972229,0.6008076587550777,0.5998642045539819,0.6400482194692549,0.6521240033304885
60,0.5219762921333313,0.7416860461235046,0.6098601818084717,0.5838508605957031,0.7479518055915833,0.6494912505149841,0.43219608068466187,0.6565150022506714,0.5219236612319946,0.6246316919336968,0.6648891554332585,0.6708468940621654,0.6747181822687385
61,0.46933841705322266,0.6028116345405579,0.5227277278900146,0.49625226855278015,0.604340672492981,0.5394876599311829,0.39058414101600647,0.5297335982322693,0.4462439715862274,0.5672682351613572,0.5863574210329985,0.6217872588548012,0.636681254494569
63,0.27701836824417114,0.3631819486618042,0.31148383021354675,0.29157406091690063,0.3637998700141907,0.3204643130302429,0.2547226846218109,0.2803258001804352,0.26496395468711853,0.4769394954331534,0.5257105441635971,0.5351954047677944,0.6084086195465904
64,0.4822574853897095,0.5061357617378235,0.4918087124824524,0.4723585247993469,0.5091100931167603,0.48705917596817017,0.42550909519195557,0.503938615322113,0.45688098669052124,0.5571189920626841,0.5599702708123004,0.5601632250988883,0.5953084922592933
65,0.49232518672943115,0.8664977550506592,0.6419942378997803,0.5557875037193298,0.8770371675491333,0.6842873692512512,0.36942678689956665,0.7493610382080078,0.521400511264801,0.6637416341413177,0.7342904493143674,0.7358151595495827,0.7346053974650631
69,0.5754765272140503,0.5105215907096863,0.5494945645332336,0.6056985855102539,0.5120754241943359,0.5682493448257446,0.5184885263442993,0.42315876483917236,0.4803566336631775,0.5402157947690326,0.5757772512573842,0.5966676651209903,0.6160093434275281
70,0.39107686281204224,0.5936708450317383,0.4721144437789917,0.40238580107688904,0.5981824398040771,0.4807044267654419,0.3920530378818512,0.589194655418396,0.4709097146987915,0.5922643405253913,0.6019995203518225,0.6616215880265184,0.6690771687584657
71,0.6932224035263062,0.34734877943992615,0.5548731088638306,0.5971529483795166,0.38883358240127563,0.5138252377510071,0.5270619988441467,0.3536202609539032,0.45768535137176514,0.5273302313370061,0.5654470038112266,0.7059617218346682,0.7381810357447436
72,0.5751562118530273,0.7183138728141785,0.6324191689491272,0.583437979221344,0.7183214426040649,0.6373913288116455,0.5502026677131653,0.6850559115409851,0.6041439771652222,0.6993344369571619,0.7240036150152207,0.778106876376651,0.7756676863012679
73,0.369076669216156,0.5533206462860107,0.4427742660045624,0.4088004231452942,0.5442343354225159,0.46297404170036316,0.2786754071712494,0.48118966817855835,0.359681099653244,0.5793197338564713,0.6153448852640356,0.840794745205509,0.8462346967818629
74,0.5014111995697021,0.49450787901878357,0.49864980578422546,0.48395663499832153,0.505517303943634,0.4925808608531952,0.4173281490802765,0.49283066391944885,0.447529137134552,0.5246151242008523,0.5854685134962074,0.5959423767249084,0.632908982917048
75,0.8943172097206116,0.7379157543182373,0.8317567110061646,0.8849432468414307,0.7374293804168701,0.825937807559967,0.7764065265655518,0.7295142412185669,0.7576496005058289,0.6986768987451177,0.7163048402147387,0.7618954669723572,0.7585248617722682
76,0.4907347857952118,0.5258731842041016,0.5047901272773743,0.48736363649368286,0.5260912775993347,0.5028546452522278,0.46092814207077026,0.5129430890083313,0.48173412680625916,0.6194548375933661,0.6221441161349686,0.6888672432943963,0.6959441123709503
77,0.30466750264167786,0.6437044143676758,0.44028228521347046,0.3230738043785095,0.6370388865470886,0.44865986704826355,0.29235392808914185,0.614707350730896,0.42129525542259216,0.595903391650443,0.6250752138401904,0.770026692549425,0.7666027662195647
78,0.3947337865829468,0.7639473080635071,0.5424191951751709,0.38139036297798157,0.7612465023994446,0.5333328247070312,0.3798327147960663,0.7603436708450317,0.532037079334259,0.6708130900489594,0.6653671906915217,0.6739147670863527,0.6843169125210382
79,0.5480086803436279,0.7157886028289795,0.6151207685470581,0.5457298755645752,0.7128711938858032,0.6125864386558533,0.5398102402687073,0.7050444483757019,0.6059039831161499,0.6218012523846004,0.6561721758206777,0.6929887750117111,0.6926677357142701
80,0.28092706203460693,0.3426935076713562,0.30563366413116455,0.34918826818466187,0.3796564042568207,0.36137551069259644,0.2843691408634186,0.36268264055252075,0.3156944513320923,0.5075157719181083,0.5431945487750341,0.7387592803418402,0.7392350211773416
82,0.5842972993850708,0.5974022746086121,0.5895392894744873,0.543267548084259,0.6114543676376343,0.5705423355102539,0.5291237235069275,0.6118876934051514,0.5622292757034302,0.6502052672970912,0.6816343504273976,0.8685139009138009,0.8839841037927784
83,0.3702896237373352,0.5269864201545715,0.43296828866004944,0.3851124942302704,0.5359712839126587,0.44545602798461914,0.3703663647174835,0.5262557864189148,0.43272215127944946,0.5662830291488914,0.5923028092820077,0.67027811438296,0.6754621053724552
84,0.5410137176513672,0.8952760100364685,0.6827186942100525,0.572844922542572,0.8974984288215637,0.702706515789032,0.44264185428619385,0.8502575755119324,0.6056881546974182,0.6772187019333762,0.6942204387932666,0.7451209519336043,0.7528261020686364
85,0.5704028010368347,0.7331382632255554,0.6354970335960388,0.5457931160926819,0.7286019921302795,0.6189166903495789,0.464395135641098,0.6528006792068481,0.5397574305534363,0.6480601328976883,0.6471074079132202,0.7311409791694564,0.7275874346582443
88,0.36046603322029114,0.4706443250179291,0.40453746914863586,0.3787919878959656,0.4847774803638458,0.4211861789226532,0.37179359793663025,0.4632713198661804,0.40838462114334106,0.5486310836360249,0.5634532009416671,0.5809551568409719,0.611317715491746
89,0.49027252197265625,1.2882492542266846,0.8094629645347595,0.5431879162788391,1.3506433963775635,0.8661699891090393,0.39208731055259705,1.2485778331756592,0.7346833944320679,0.8399011086988646,0.8707004169359801,0.8292343721550087,0.8472360695419222
90,0.6084505915641785,1.0743191242218018,0.7947978377342224,0.6861133575439453,1.126497507095337,0.8622671365737915,0.5819478631019592,1.0091208219528198,0.7528169751167297,0.7562669598298677,0.8745233145686132,0.8164444288655828,0.8283856052812104
92,0.42946740984916687,0.7965477705001831,0.5762995481491089,0.45400866866111755,0.7983505129814148,0.5917453765869141,0.37969428300857544,0.7814314365386963,0.5403890609741211,0.6632378083347018,0.6851648612735255,0.6929629020395305,0.6972301178591959
93,0.40330782532691956,0.845302402973175,0.580105721950531,0.4122166335582733,0.8581227660179138,0.590579092502594,0.3485983908176422,0.7959067225456238,0.5275217890739441,0.6953711833695625,0.7417174526840388,0.7291783853690094,0.7275290218623818
94,0.34020930528640747,0.40726718306541443,0.3670324683189392,0.35000476241111755,0.42393186688423157,0.37957555055618286,0.3333684504032135,0.40588894486427307,0.3623766303062439,0.5492011731875444,0.572139285743444,0.6394143767409278,0.6524027373285259
95,0.42541617155075073,0.6664236187934875,0.5218191146850586,0.42919647693634033,0.6639291048049927,0.5230895280838013,0.34880754351615906,0.6279787421226501,0.4604760408401489,0.6583065092086339,0.6800414686538879,0.7380865960323044,0.7359906017040996
96,0.5998113751411438,0.6905904412269592,0.6361229419708252,0.6236520409584045,0.6856439709663391,0.6484487652778625,0.5391837358474731,0.6417385935783386,0.5802057385444641,0.6733860088441165,0.6592276533621079,0.7472625371484364,0.7450793841723347
97,0.5447148680686951,0.9943333864212036,0.7245622873306274,0.558073878288269,0.9986990094184875,0.734324038028717,0.5240179300308228,0.9746786952018738,0.7042822241783142,0.7318777377299441,0.7869705577255316,0.829943275994507,0.8366672211292258
98,0.4903763234615326,0.5695603489875793,0.5220500230789185,0.481885701417923,0.5747518539428711,0.5190320611000061,0.4539836347103119,0.5568463206291199,0.4951286315917969,0.5964637727210141,0.6243967970849067,0.7716623868610138,0.7709467364261027
99,0.4700769782066345,0.8268677592277527,0.6127932071685791,0.4864112436771393,0.8330783843994141,0.6250781416893005,0.4500834047794342,0.8199024796485901,0.5980110764503479,0.6480837496698558,0.701012673252158,0.7272261373034096,0.7273993696573339
100,0.6050825715065002,0.7907570004463196,0.6793522238731384,0.5939907431602478,0.7857149839401245,0.6706804633140564,0.5368475317955017,0.779020369052887,0.6337167620658875,0.7627883292402818,0.7639238530199655,0.8415534565212117,0.8791078719556746
101,0.6208429336547852,0.6705014705657959,0.6407064199447632,0.6246344447135925,0.6887532472610474,0.6502819061279297,0.5187680721282959,0.6415882110595703,0.5678960084915161,0.6516160062516616,0.6761353467512858,0.8385562940708813,0.8445271665560893
102,0.47206878662109375,0.3755685091018677,0.43346863985061646,0.5212267637252808,0.36684995889663696,0.4594760537147522,0.32882383465766907,0.28007030487060547,0.30932241678237915,0.4649852343085479,0.5079856709966146,0.5412764593111656,0.5946944494692649
103,0.5161726474761963,0.6815268397331238,0.5823141932487488,0.5371071100234985,0.6793148517608643,0.5939903259277344,0.4754912257194519,0.6196441054344177,0.5331524014472961,0.5890490085141519,0.6246621820609689,0.6908286309439704,0.6875954878618418
105,0.6365782618522644,1.378617763519287,0.9333940744400024,0.7054174542427063,1.435341238975525,0.9973869323730469,0.5986166596412659,1.3143104314804077,0.8848941922187805,0.8621406004495272,0.9559820030988424,0.8880954445013206,0.9334490472572256
108,0.6806633472442627,1.0200926065444946,0.8164352178573608,0.695988655090332,1.0379393100738525,0.8327688574790955,0.6250746846199036,1.0023466348648071,0.7759835124015808,0.8372059528806862,0.8558442736927081,0.87537819225091,0.9115943448144006
109,0.8501034379005432,0.6892296671867371,0.7857539057731628,0.829596221446991,0.6854699850082397,0.771945595741272,0.7255154252052307,0.6416950225830078,0.6919872164726257,0.7214632774091754,0.7608812143405925,0.7883076146701422,0.788027455134997
110,0.5443838834762573,0.8043181300163269,0.6483576893806458,0.586430549621582,0.8138818740844727,0.6774111390113831,0.43001827597618103,0.7245895862579346,0.5478468537330627,0.6177212807830585,0.6799221168072176,0.6743669914341384,0.683208935163804
111,0.40941113233566284,0.8709695935249329,0.5940344333648682,0.40681806206703186,0.8795880675315857,0.5959261655807495,0.3809356987476349,0.8627781271934509,0.5736726522445679,0.6576851984850235,0.6778997638675717,0.718143620063694,0.7229438750539166
112,0.5145168304443359,0.7087367177009583,0.5922048091888428,0.5214027762413025,0.7045276165008545,0.5946527123451233,0.4780796766281128,0.6967299580574036,0.5655398964881897,0.6171729463532106,0.6667609237131193,0.6805646905339126,0.6830445631123616
113,0.4581657350063324,0.4348028302192688,0.4488205909729004,0.45335137844085693,0.4454621970653534,0.45019569993019104,0.38809263706207275,0.4197331368923187,0.4007488191127777,0.3857180065501105,0.4638649724048321,0.3894840209536384,0.4864266595370298
114,0.48811107873916626,0.6415470838546753,0.549485445022583,0.5482861399650574,0.6447373032569885,0.586866557598114,0.35248926281929016,0.5860493183135986,0.4459133446216583,0.5689787746438335,0.6067709945901054,0.6972488833028196,0.6965024669182619
115,0.540597677230835,0.7006317973136902,0.604611337184906,0.52500981092453,0.7025051712989807,0.5960079431533813,0.47116753458976746,0.688112199306488,0.5579454302787781,0.645207307004723,0.6493697458889198,0.7140545696072249,0.7108612338648983
117,0.6252750158309937,0.30112266540527344,0.49561405181884766,0.6427523493766785,0.32729372382164,0.5165688395500183,0.5181227326393127,0.2927655875682831,0.42797988653182983,0.5138762999347496,0.6037442563626846,0.6312757342755428,0.6341811801672054
118,0.3779098093509674,0.711630642414093,0.5113981366157532,0.39244696497917175,0.7069607377052307,0.5182525515556335,0.3787457346916199,0.6999902725219727,0.5072435736656189,0.654284858082918,0.6651237157853113,0.6917041676697644,0.6932749892943036
119,0.34097930788993835,0.653166651725769,0.4658541977405548,0.3619832694530487,0.6517350077629089,0.47788408398628235,0.2990216612815857,0.6263359785079956,0.4299473464488983,0.5627904669291867,0.6290107617985471,0.6246724030981605,0.6350847213438596
120,0.46481600403785706,0.5167902112007141,0.48560571670532227,0.48976168036460876,0.5075849294662476,0.49689093232154846,0.3970431983470917,0.43332773447036743,0.41155701875686646,0.5452410040390752,0.5609173943652223,0.6069233752877977,0.622050200842506
122,0.602957010269165,0.6091635823249817,0.6054397225379944,0.588007926940918,0.6054758429527283,0.5949950814247131,0.5221372246742249,0.5878738760948181,0.548431932926178,0.6329823210052836,0.6444687629031659,0.7586637394686766,0.7571992097067626
123,0.4713934361934662,0.8092982172966003,0.6065552830696106,0.4804428815841675,0.8232271671295166,0.617556631565094,0.4700513184070587,0.7879261374473572,0.5972013473510742,0.5554841859504732,0.6792098309910394,0.6642094442763878,0.6654149551658505
124,0.61488938331604,0.7675524950027466,0.6759546995162964,0.6060816645622253,0.7622352838516235,0.6685429215431213,0.5416586399078369,0.7561465501785278,0.6274538636207581,0.6440693670173282,0.6403488838088831,0.7537213606883032,0.7494509389134828
125,0.6489660143852234,0.7987204790115356,0.7088678479194641,0.6892967820167542,0.7963233590126038,0.7321073412895203,0.5484917759895325,0.7780143618583679,0.6403008103370667,0.6722721032867827,0.6720232601513895,0.6993246949631315,0.7002974706216014
128,0.6290826201438904,0.49003446102142334,0.5734634399414062,0.5744330883026123,0.5077590346336365,0.547763466835022,0.5344446897506714,0.4771556258201599,0.5115290880203247,0.5561560430945639,0.5730018731852807,0.6911875370495327,0.6920248210416045
129,0.6277971267700195,0.9099493622779846,0.7406579852104187,0.6693153977394104,0.9270350337028503,0.7724032998085022,0.5955705046653748,0.8731241226196289,0.7065919041633606,0.6953985948660646,0.7251813075626905,0.7218559539145412,0.7202255230638596
131,0.340342253446579,0.44361305236816406,0.38165056705474854,0.3614700138568878,0.45581620931625366,0.3992084860801697,0.32230833172798157,0.42131897807121277,0.3619125783443451,0.5339780360457722,0.5483554640377077,0.5717888632776437,0.6025949675317457
132,0.5086004734039307,0.6381201148033142,0.560408353805542,0.564027726650238,0.6361407041549683,0.5928729176521301,0.4073241651058197,0.5677300095558167,0.47148650884628296,0.6040414197174606,0.6450578876330001,0.6861615882260594,0.7007565985852072
133,0.49980416893959045,0.7699919939041138,0.6078792810440063,0.43736347556114197,0.7735406160354614,0.5718343257904053,0.42292681336402893,0.763936460018158,0.5593307018280029,0.6039254524369769,0.6255456898875081,0.5738907891530067,0.6133009841202388
134,0.4918869435787201,0.5029383897781372,0.4963075518608093,0.4333205819129944,0.4980464279651642,0.45921099185943604,0.3156837522983551,0.42393285036087036,0.3589833974838257,0.3824731416928506,0.4506172899013696,0.3807773080905041,0.4814860308610341
135,0.5296527743339539,0.8182965517044067,0.6451102495193481,0.5921961665153503,0.8205614686012268,0.6835423111915588,0.4351132810115814,0.7629890441894531,0.5662636160850525,0.6615768457885686,0.7009311179078591,0.7402269196195039,0.7426509560512441
136,0.3580707907676697,0.37264174222946167,0.36389923095703125,0.3850459158420563,0.39395368099212646,0.38860905170440674,0.320997416973114,0.37107035517692566,0.34102663397789,0.5268563331671356,0.5374811952657921,0.533064205820003,0.5985104756413564
137,0.6232931017875671,1.1650534868240356,0.8399972915649414,0.6458505392074585,1.218631625175476,0.874963104724884,0.6194683313369751,1.1606535911560059,0.835942268371582,0.7780361703342151,0.8503317612217781,0.8099119109972255,0.8232871894626183
139,0.6025120615959167,1.4590591192245483,0.9451310038566589,0.683937668800354,1.6139237880706787,1.0559320449829102,0.6285765171051025,1.439314603805542,0.9528718590736389,0.8510952672307761,1.000374632386533,0.8814762108611067,0.9198629152832516
141,0.5615304112434387,0.7099205851554871,0.6208866238594055,0.5448753237724304,0.7082054018974304,0.6102073788642883,0.5046992897987366,0.6899005174636841,0.5787798762321472,0.6740684287227666,0.686944325691353,0.8055684607030429,0.8195752375358917
142,0.4533163607120514,0.6373865008354187,0.5269445180892944,0.4611198306083679,0.6387461423873901,0.5321703553199768,0.42700961232185364,0.6265337467193604,0.5068192481994629,0.5793154013598484,0.6285181371302794,0.6249988095678897,0.6414608805410879
143,0.5465096831321716,1.5102602243423462,0.9320098757743835,0.655348539352417,1.689208984375,1.0688927173614502,0.6037301421165466,1.4932689666748047,0.9595457315444946,0.8757358025226468,1.097081629912183,0.9586779464495122,1.0673185622776769
147,0.5630806088447571,1.005479335784912,0.740040123462677,0.5626272559165955,1.001300573348999,0.7380965948104858,0.5005743503570557,1.011967658996582,0.7051316499710083,0.7516426127887461,0.7387118840768678,0.8371706759412134,0.8513957034312507
149,0.51866215467453,0.9143391251564026,0.6769328713417053,0.5298585295677185,0.9068400859832764,0.6806511282920837,0.5010953545570374,0.9189243316650391,0.668226957321167,0.6954775724347324,0.7311753923476098,0.8488914328569621,0.854213825604506
151,0.5074943900108337,1.3502166271209717,0.84458327293396,0.5044931173324585,1.4730802774429321,0.8919282555580139,0.4849182367324829,1.3549752235412598,0.832940936088562,0.7845733828690181,0.9128768283964834,0.8281063868844171,0.8407354626346412
154,0.4208443760871887,0.8747227787971497,0.6023956537246704,0.42129892110824585,0.9078512787818909,0.6159198880195618,0.3718774914741516,0.8486706614494324,0.5625946521759033,0.650275954931139,0.7231549465388718,0.7053938054001699,0.7026880151521393
156,0.4206697642803192,1.0584660768508911,0.6757883429527283,0.4053557515144348,1.0676122903823853,0.6702584028244019,0.3848739564418793,1.0502350330352783,0.6510184407234192,0.7570620717617537,0.7770676026965497,0.8250555785336717,0.8375202788675677
161,0.5702511668205261,0.9355306029319763,0.7163628339767456,0.5581009984016418,0.9622097611427307,0.7197445034980774,0.5191475749015808,0.8977088332176208,0.67057204246521,0.6571509278869841,0.7376245006251656,0.7101177619019278,0.7055684209692136
162,0.6306620240211487,0.9354743957519531,0.7525870203971863,0.6229530572891235,0.9501304030418396,0.7538240551948547,0.5579651594161987,0.937294602394104,0.7096970081329346,0.8259021327333097,0.8283343629239586,0.8355009384713042,0.8523830513512204
163,0.44024091958999634,0.6200042963027954,0.5121462941169739,0.4705939292907715,0.6208024621009827,0.530677318572998,0.3766912817955017,0.5619572997093201,0.4507976472377777,0.5634746326438527,0.5688493380279543,0.5518870734620439,0.5980991582344697
165,0.4088682532310486,0.6719669699668884,0.5141077637672424,0.4274669885635376,0.6670418381690979,0.5232969522476196,0.3884139060974121,0.6665239930152893,0.4996579885482788,0.6507317500739689,0.6402311240103732,0.6514134431980925,0.6605419989916923
166,0.53229159116745,0.9918189644813538,0.7161025404930115,0.5567907691001892,1.0183985233306885,0.7414339184761047,0.5142729878425598,0.970717191696167,0.6968507170677185,0.7886007100857494,0.8272703434191613,0.8141476218407937,0.81517021965155
167,0.656481146812439,1.2546019554138184,0.8957293033599854,0.72819983959198,1.2607439756393433,0.9412174224853516,0.6111251711845398,1.2490187883377075,0.86628258228302,0.8729363825751001,0.9444216421907884,0.9804749208136876,1.1270722906058654
168,0.7333164215087891,1.3459815979003906,0.9783826470375061,0.7173133492469788,1.420477032661438,0.9985789060592651,0.6420049071311951,1.2394663095474243,0.8809894919395447,0.9348899902629024,0.9587199730452652,0.9032719129363508,0.9890789948936258
169,0.4906403124332428,1.1322035789489746,0.7472656965255737,0.49588218331336975,1.1986660957336426,0.7769958972930908,0.44231680035591125,1.0629442930221558,0.6905678510665894,0.7735964984471793,0.8686593586919211,0.7965802331331219,0.7938816838698476
170,0.4803646504878998,0.9421179294586182,0.6650659441947937,0.543778657913208,0.9598874449729919,0.7102221846580505,0.46920913457870483,0.920222282409668,0.6496143341064453,0.6966523355260513,0.7780265497194818,0.7942474047926056,0.7939414400299423
171,0.614122748374939,0.6040027737617493,0.6100748777389526,0.6365595459938049,0.6050964593887329,0.6239743828773499,0.5310071706771851,0.5653460025787354,0.5447427034378052,0.6347369773903354,0.6485341817466628,0.7830362429792415,0.7857272925501292
172,0.5715891718864441,1.110655665397644,0.7872156500816345,0.6137830018997192,1.1203995943069458,0.8164294362068176,0.5379161834716797,1.0929455757141113,0.7599278688430786,0.7973862512959979,0.8370355268374815,0.8702304773216204,0.9098024501277234
175,0.4153132438659668,0.3851901590824127,0.40326404571533203,0.3985610902309418,0.4072627127170563,0.40204164385795593,0.3995632529258728,0.3859030604362488,0.3940992057323456,0.5248413187052777,0.5444089923230969,0.5524589133157624,0.6178928621846328
176,0.47931966185569763,1.046886682510376,0.7063463926315308,0.48982417583465576,1.1103490591049194,0.7380340099334717,0.43063828349113464,1.035940408706665,0.6727591753005981,0.7276351740520284,0.8093772373416193,0.7471280484842777,0.744027783474145
180,0.36890190839767456,0.36241358518600464,0.3663066327571869,0.3948853313922882,0.37829285860061646,0.3882482945919037,0.35834169387817383,0.35190197825431824,0.35576584935188293,0.5382617049211528,0.5622322166919252,0.629610838304968,0.6470533564204902
181,0.34783735871315,0.14986452460289001,0.268648236989975,0.3813701868057251,0.2196711003780365,0.3166905641555786,0.30332767963409424,0.15687958896160126,0.24474844336509705,0.3774054963042605,0.4676015975864037,0.5760303433699345,0.6329225794086786
182,0.583375871181488,0.7222021818161011,0.6389063596725464,0.530906081199646,0.7204198837280273,0.6067115068435669,0.4049646556377411,0.6706035137176514,0.5112200975418091,0.5875800345304144,0.6018186235830679,0.6268736292890175,0.6308520679373665
183,0.5830503106117249,0.6658481359481812,0.6161693930625916,0.5740073919296265,0.6623250842094421,0.609334409236908,0.5424339771270752,0.6566389203071594,0.588115930557251,0.6074058193078856,0.6515990611914515,0.7296396560029248,0.7262714446176743
185,0.33437782526016235,0.6407531499862671,0.4569278657436371,0.3586197793483734,0.6384710073471069,0.4705602526664734,0.326212614774704,0.6139457821846008,0.44130584597587585,0.6446428598619973,0.657284817686643,0.7239810655623455,0.7218871681589155
186,0.5748765468597412,0.5778679251670837,0.5760730504989624,0.5957335233688354,0.5920922160148621,0.594277024269104,0.514319896697998,0.5722257494926453,0.5374822616577148,0.5994282859445399,0.6948189582456532,0.7873833618237062,0.7926458141289794
187,0.7074412107467651,0.8285890817642212,0.7559003233909607,0.5707617402076721,0.8223866820335388,0.6714116930961609,0.5156680345535278,0.7900981307029724,0.6254400610923767,0.6618024162472109,0.678124357243015,0.7556610502312503,0.7563801424321914
188,0.35050615668296814,0.6341106295585632,0.46394792199134827,0.3695313334465027,0.6327416896820068,0.4748155176639557,0.3469384014606476,0.6249996423721313,0.4581628143787384,0.6730543364553428,0.6775542001148938,0.7812245992780342,0.7896943635570628
189,0.5005826354026794,0.502348780632019,0.5012890100479126,0.4890003800392151,0.5142980813980103,0.49911949038505554,0.4403619170188904,0.5011779069900513,0.4646883010864258,0.5644873613464886,0.5734062424365575,0.7244593742708443,0.7235552831857359
190,0.5565455555915833,0.8282404541969299,0.6652234792709351,0.5994796752929688,0.8384661078453064,0.695074200630188,0.4861472249031067,0.7419469952583313,0.5884671807289124,0.5764577735775617,0.6648816029819778,0.673131429530801,0.6763857075787962
191,0.6547074913978577,0.8841478228569031,0.7464836239814758,0.6865872740745544,0.893828809261322,0.7694838643074036,0.5900699496269226,0.8389300107955933,0.6896139979362488,0.7537094668528059,0.7515833136652322,0.7924299588130661,0.8267263454130251
193,0.5699051022529602,0.9842989444732666,0.7356626391410828,0.6297176480293274,1.0005117654800415,0.7780353426933289,0.5251196026802063,0.9076617956161499,0.6781364679336548,0.7179999225040614,0.7841187141953478,0.8075886176021977,0.8152594733532671
195,0.49557411670684814,0.8138943910598755,0.6229021549224854,0.5350175499916077,0.8219411969184875,0.6497870683670044,0.3920966386795044,0.736916184425354,0.5300244688987732,0.6888997064178423,0.6904270961160177,0.7178207562333523,0.7181747394134991
197,0.34038206934928894,0.6542026400566101,0.46591025590896606,0.3627934157848358,0.6548482775688171,0.47961536049842834,0.27197742462158203,0.6150959134101868,0.40922483801841736,0.5906400255072994,0.5985855069313218,0.6281904334148931,0.6530878905160129
198,0.6376543641090393,0.8323875665664673,0.7155476808547974,0.5628840923309326,0.8486965298652649,0.6772091388702393,0.4928109347820282,0.8129251599311829,0.620856523513794,0.6350945507990339,0.7138239689389035,0.6874923028906121,0.7082591329081683
199,0.5497859716415405,0.8833149671554565,0.6831976771354675,0.5095197558403015,0.892561137676239,0.6627362966537476,0.4363269507884979,0.8071721196174622,0.584665060043335,0.5911635182198735,0.659318859129465,0.6389213995603924,0.65735470712412
200,0.33277782797813416,0.39932265877723694,0.35939571261405945,0.3864906132221222,0.43195295333862305,0.4046756327152252,0.3180791139602661,0.4091078042984009,0.35449060797691345,0.5957166581437299,0.6074021346359432,0.7019878485652378,0.7052609162648185
201,0.5205398201942444,0.8768089413642883,0.6630472540855408,0.5340083837509155,0.8805967569351196,0.672643780708313,0.47807371616363525,0.8317603468894958,0.6195484399795532,0.7360384388192623,0.7275305318981847,0.7887448639071217,0.7980288475052523
202,0.6143003702163696,0.4544832110404968,0.550373375415802,0.5774885416030884,0.47499826550483704,0.5364924073219299,0.5535750985145569,0.4482446610927582,0.5114428997039795,0.610598717408353,0.6876894771982162,0.8696821178907695,0.9834998650177172
203,0.72833251953125,1.1426241397857666,0.8940490484237671,0.7323392629623413,1.1602991819381714,0.9035232067108154,0.7344047427177429,1.1206797361373901,0.8889148235321045,0.8862729373634536,0.9090211762452124,0.8979536178738671,0.9963945921094324
204,0.5688521265983582,0.7517030239105225,0.641992449760437,0.5896483659744263,0.7511965036392212,0.6542675495147705,0.5547941327095032,0.7312877774238586,0.6253916621208191,0.6147019078191359,0.6840807394737856,0.7380086278204899,0.7337241179017668
205,0.24697892367839813,0.3528484106063843,0.2893267273902893,0.303899347782135,0.3773896098136902,0.33329543471336365,0.2786794900894165,0.334468811750412,0.30099520087242126,0.5168908029152154,0.5474022238201763,0.5533730060987477,0.612469573412822
206,0.44881588220596313,0.5763427019119263,0.49982669949531555,0.4579918086528778,0.5837057828903198,0.5082774758338928,0.40744513273239136,0.5696355700492859,0.4723213016986847,0.4591864632876032,0.5496132697816979,0.7258329230080817,0.7225845896570413
207,0.5492197275161743,1.2086747884750366,0.8130017518997192,0.5037106275558472,1.2365251779556274,0.7968366146087646,0.44230887293815613,1.2190097570419312,0.7529892325401306,0.8495185821290134,0.8552395753175038,0.849568765679327,0.871988610572945
208,0.5747882127761841,0.7822231650352478,0.6577622890472412,0.5621144771575928,0.7764689922332764,0.6478561758995056,0.5289905071258545,0.7675836682319641,0.6244277358055115,0.6964746583224791,0.7066089906762836,0.8383499925498749,0.8564755785464728
209,0.6089431643486023,0.600175678730011,0.6054362654685974,0.6038134694099426,0.5999864339828491,0.6022826433181763,0.48835310339927673,0.584779679775238,0.5269237756729126,0.653408338286903,0.6810096733335425,0.7241322596538037,0.724837354771142
210,0.5426948070526123,1.1129372119903564,0.7707917094230652,0.6057147979736328,1.1413687467575073,0.8199763894081116,0.44752973318099976,1.06846284866333,0.6959030032157898,0.7351611555913136,0.774424585686516,0.777269325203454,0.7786270546730752
213,0.4676245152950287,0.9783493876457214,0.6719144582748413,0.43496209383010864,0.9769717454910278,0.6517658829689026,0.39484649896621704,0.9275130033493042,0.6079131364822388,0.6645707009116937,0.6780428800960546,0.7153683510260307,0.7214853930931596
214,0.5809966325759888,0.5959296822547913,0.586969792842865,0.5818540453910828,0.5955825448036194,0.5873456597328186,0.4949702322483063,0.5539838671684265,0.5185757279396057,0.5919742867820587,0.6049290253606473,0.6866369182616452,0.6994941640246657
215,0.6373130083084106,0.731802225112915,0.6751087307929993,0.6786972284317017,0.7373594641685486,0.7021621465682983,0.5657685995101929,0.6032356023788452,0.5807554125785828,0.5893851490762194,0.6484735825820671,0.655945476579373,0.6549101937735439
216,0.4083528518676758,0.34112417697906494,0.38146135210990906,0.4050139784812927,0.3836166560649872,0.3964550793170929,0.3916655480861664,0.3398863673210144,0.37095391750335693,0.5019729079539448,0.5483624375909951,0.7435700712865593,0.7471807505626663
218,0.4152461290359497,0.45307669043540955,0.43037837743759155,0.45375919342041016,0.4814590811729431,0.4648391604423523,0.3882709741592407,0.45599713921546936,0.4153614342212677,0.4070583455609497,0.5072666355336832,0.5616860767515566,0.5931977100803244
219,0.5472222566604614,0.7844775915145874,0.6421244144439697,0.6084222197532654,0.7975903749465942,0.6840893626213074,0.4511685371398926,0.7145079970359802,0.5565042495727539,0.6058309186411737,0.6748475651144651,0.6828006276575945,0.6911796513807404
220,0.5558004975318909,0.6718534827232361,0.6022217273712158,0.5686509013175964,0.6694344282150269,0.6089643239974976,0.4994913339614868,0.6531664133071899,0.5609613656997681,0.6189051640141104,0.6456655807396965,0.6936347092801076,0.7025959228016416
221,0.8636018633842468,0.3078846037387848,0.6413149237632751,0.8535286784172058,0.3632632791996002,0.6574224233627319,0.6847487688064575,0.31791773438453674,0.5380163788795471,0.5660171795390955,0.7365929768748872,0.7271266094539428,0.8272699705473702
222,0.46941784024238586,1.6179996728897095,0.9288504719734192,0.5214449167251587,1.713537573814392,0.9982818961143494,0.422250360250473,1.5153173208236694,0.8594772815704346,0.9266696232701574,1.0778492186303017,0.9502058236251596,1.063475057312413
226,0.6988252997398376,0.530806303024292,0.6316176652908325,0.6920837163925171,0.5341008901596069,0.6288905739784241,0.6036421656608582,0.5013054013252258,0.5627074837684631,0.5492567777183558,0.6348450961083966,0.6584533328875519,0.6629035482488667
229,0.3648270070552826,0.5706179738044739,0.44714340567588806,0.38939258456230164,0.569812536239624,0.46156060695648193,0.30995771288871765,0.5455131530761719,0.4041798710823059,0.5612243015189011,0.6052522128507429,0.6123008455857282,0.633694405623786
230,0.5194376111030579,0.5964009761810303,0.5502229332923889,0.5408617854118347,0.5926492810249329,0.5615768432617188,0.4615444242954254,0.49281173944473267,0.47405126690864563,0.6139594893588333,0.6174040789437292,0.656376283333112,0.6920635459156258
232,0.35790443420410156,0.5594026446342468,0.4385037422180176,0.3766494393348694,0.5600830316543579,0.45002278685569763,0.3578588366508484,0.5457901358604431,0.4330313801765442,0.5484835853644733,0.5908621494075991,0.6353830481510337,0.6574141119376372
233,0.3900083303451538,0.8824818730354309,0.5869977474212646,0.4011314809322357,0.8818099498748779,0.5934027433395386,0.3793066740036011,0.8405426740646362,0.5638010501861572,0.7555790432640456,0.7576603590418338,0.7916577884484527,0.78825819620291
234,0.6119098663330078,1.2799447774887085,0.8791239261627197,0.5997055172920227,1.3341102600097656,0.8934675455093384,0.4674643874168396,1.1883604526519775,0.7558229565620422,0.854249383044325,0.8777259945114356,0.8207316378746088,0.8281009656387951
237,0.641618013381958,0.5651447176933289,0.6110286712646484,0.6334456205368042,0.5590851902961731,0.6037014722824097,0.5645449757575989,0.5231639742851257,0.5479925870895386,0.5219428840697763,0.550240785172004,0.5863254039317665,0.6112793641475763
239,0.4055336117744446,0.6335656046867371,0.4967462420463562,0.41322267055511475,0.6294548511505127,0.49971550703048706,0.36695364117622375,0.6061174273490906,0.46261921525001526,0.5989077025320527,0.6383749239191279,0.7217244402007198,0.7185861401555964
240,0.8004642724990845,0.4919685125350952,0.6770659685134888,0.7430324554443359,0.471746027469635,0.6345177888870239,0.6450143456459045,0.4240979850292206,0.5566478371620178,0.5236457600598347,0.5489461831767628,0.6590336569842573,0.664070139560783
243,0.36831265687942505,0.6091815233230591,0.4646601974964142,0.37942180037498474,0.6065670847892761,0.47027990221977234,0.3663502633571625,0.590912938117981,0.4561753571033478,0.5835691369797442,0.6140556850629283,0.6269562955271967,0.6417910348167267
244,0.374811053276062,0.764559805393219,0.5307105183601379,0.36680665612220764,0.7741058468818665,0.5297263860702515,0.34709692001342773,0.7250321507453918,0.4982709288597107,0.6548168127352069,0.6967640516010005,0.6697618943333326,0.6731777839874215
245,0.5885342955589294,0.7665903568267822,0.6597567796707153,0.5912821292877197,0.7675788402557373,0.6618008017539978,0.5206794738769531,0.7728765606880188,0.6215583682060242,0.6882920893509246,0.6824796792521156,0.7619777563103377,0.7592520414096898
246,0.5222403407096863,0.5493730306625366,0.5330935120582581,0.5046709179878235,0.5703089833259583,0.5309261083602905,0.4867810904979706,0.5413781404495239,0.5086199045181274,0.6270141321455804,0.6332525853643615,0.8026241049578235,0.7987801163077123
251,0.6479976177215576,0.686873733997345,0.6635480523109436,0.7045673131942749,0.6735693216323853,0.6921681761741638,0.5695899724960327,0.6386200785636902,0.597201943397522,0.6070013496841351,0.6430171440571383,0.7177621076811554,0.7226692025140792
253,0.6082079410552979,0.8087627291679382,0.6884298324584961,0.5984995365142822,0.8026524782180786,0.680160641670227,0.5689578652381897,0.7378577589988708,0.6365177631378174,0.7426108932444483,0.7617455330039431,0.855714015208485,0.9303975505737436
254,0.741001546382904,1.104709506034851,0.8864847421646118,0.7688190937042236,1.14313542842865,0.9185457229614258,0.6652149558067322,0.9905788898468018,0.7953605651855469,0.7719571138355236,0.8700646878959303,0.8288104819820553,0.8400696010241073
257,0.6057540774345398,0.5422293543815613,0.5803442001342773,0.606387734413147,0.558620810508728,0.5872809886932373,0.48568737506866455,0.5622407793998718,0.5163087844848633,0.464052394805525,0.5431596066590042,0.7558845229014085,0.7545490335200387
260,0.6455228328704834,0.3994740843772888,0.5471033453941345,0.579327404499054,0.4327425956726074,0.5206934809684753,0.5503822565078735,0.4039020240306854,0.49179017543792725,0.5875497470510948,0.5943877030426145,0.7126889907294321,0.7121302803057843
261,0.41662970185279846,0.6353664994239807,0.5041243433952332,0.4331607520580292,0.6322683095932007,0.5128037929534912,0.36946818232536316,0.6065747141838074,0.46431073546409607,0.5904652992451326,0.634306267882353,0.6370960115963683,0.648526144112413
262,0.5669170618057251,0.9898481369018555,0.7360894680023193,0.6039274334907532,1.013480544090271,0.7677486538887024,0.5328075289726257,0.9800409078598022,0.7117008566856384,0.7226610266962287,0.7956218200692071,0.8012640359167919,0.8040205629787308
263,0.5785634517669678,0.5745013952255249,0.5769385099411011,0.5618594288825989,0.5760639309883118,0.567541241645813,0.5031716823577881,0.5665034651756287,0.5285044312477112,0.6277425964390556,0.6397051860153177,0.6903841233638999,0.707204166793742
264,0.8251325488090515,1.060158610343933,0.9191430807113647,0.6752204895019531,1.0668290853500366,0.8318639397621155,0.6178944110870361,1.071433424949646,0.7993101477622986,0.7603901137262797,0.8571090681865084,0.8601840674971595,0.919657742686537
269,0.6694208979606628,0.7877074480056763,0.7167354822158813,0.6485816836357117,0.7846543192863464,0.7030107975006104,0.5771118402481079,0.7837638258934021,0.6597726941108704,0.7039314959253288,0.6856212007179431,0.7138318636311028,0.7135067057467848
270,0.6536363363265991,0.793605625629425,0.7096239924430847,0.5847822427749634,0.790226399898529,0.6669598817825317,0.5402529239654541,0.7383652329444885,0.6194978952407837,0.6426990671178768,0.6628090452624854,0.8061132931095931,0.8234130448544065
271,0.5258681774139404,1.1309055089950562,0.7678830027580261,0.5742412209510803,1.1728947162628174,0.8137025833129883,0.43532389402389526,1.0136853456497192,0.6666684746742249,0.7178564880793039,0.8213154834202911,0.7847248334611877,0.7821747983391354
272,0.4342886209487915,0.6826958060264587,0.5336514711380005,0.46416646242141724,0.6822106838226318,0.5513840913772583,0.4196363687515259,0.6644350290298462,0.517555832862854,0.5859487135774544,0.6548789605955951,0.6692909558778897,0.6732898396002076
273,0.585829496383667,0.7929580807685852,0.6686809062957764,0.6071031093597412,0.8016451001167297,0.6849197745323181,0.5002399682998657,0.7680661082267761,0.6073704361915588,0.6610187870802058,0.7000010534401595,0.7029373387556908,0.7010873631329076
274,0.4663682281970978,0.5435289144515991,0.49723246693611145,0.45361533761024475,0.577237069606781,0.503063976764679,0.399184912443161,0.53440260887146,0.4532719850540161,0.5905938256949023,0.6269689546138258,0.8126793787869512,0.8123863339105081
275,0.5902223587036133,0.7167090773582458,0.6408169865608215,0.604566216468811,0.715488076210022,0.648935079574585,0.5166107416152954,0.696036696434021,0.5883811116218567,0.6402697670681045,0.6824973050240326,0.715718714872801,0.715896902864124
276,0.33729374408721924,0.500640332698822,0.4026324152946472,0.37799951434135437,0.5041106343269348,0.4284439980983734,0.3299742639064789,0.479338675737381,0.38971996307373047,0.5594086126482557,0.6084460570611806,0.6304500786175747,0.645851491461661
278,0.6243405938148499,0.602275013923645,0.6155143976211548,0.5933118462562561,0.6113108396530151,0.6005114316940308,0.5243991017341614,0.6106641292572021,0.5589050650596619,0.6140423157720213,0.6445177803894576,0.7110884643751293,0.747325018740127
279,0.48841047286987305,1.121845006942749,0.7417842745780945,0.5437154769897461,1.1617704629898071,0.790937602519989,0.41244447231292725,0.9432154893875122,0.6247528791427612,0.7164354672917346,0.8098683970642276,0.7574887689003096,0.7630122325430132
280,0.7818633913993835,1.2680931091308594,0.9763553142547607,0.7289504408836365,1.337912917137146,0.972535252571106,0.6558468341827393,1.2851110696792603,0.9075525403022766,0.8716451802513642,0.9146196264700958,0.8535256900376825,0.8889913153094743
281,0.7701066732406616,0.38067612051963806,0.6143344640731812,0.8514754772186279,0.42484909296035767,0.6808249354362488,0.6444168090820312,0.3847346901893616,0.5405440926551819,0.4365219524088715,1.0122762549619997,0.8554859871917347,1.0184930689628504
284,0.7415193319320679,1.2178875207901,0.9320666790008545,0.8145249485969543,1.2505234479904175,0.9889243245124817,0.7434155941009521,1.2068568468093872,0.9287919998168945,0.8054118870942419,0.8729576354041834,0.8697216260717856,0.9175492013712429
285,0.4207212030887604,0.6980413198471069,0.5316493511199951,0.4307701885700226,0.6968549489974976,0.5372041463851929,0.3602617084980011,0.6215519309043884,0.4647778868675232,0.6535504572845572,0.663201319847845,0.7957377554800295,0.7996954093965392
286,0.2868346869945526,0.4971921741962433,0.3709776997566223,0.3327396512031555,0.5245522260665894,0.40946468710899353,0.317486971616745,0.4850224256515503,0.3845011591911316,0.5626609873351132,0.6028077666813949,0.7093180313651861,0.7172024436933175
288,0.4420294463634491,0.8444060683250427,0.6029802560806274,0.481233686208725,0.8566829562187195,0.631413459777832,0.3552955389022827,0.7561803460121155,0.5156494975090027,0.6223450016727772,0.6683619596346503,0.6455120537098784,0.6558138610156061
290,0.6903434991836548,0.8905398845672607,0.7704220414161682,0.7104726433753967,0.8808127045631409,0.7786087393760681,0.664183497428894,0.9003420472145081,0.7586469650268555,0.7610940966622214,0.7683779527330026,0.8765115230209599,0.9047513905612572
291,0.5779451727867126,0.527945339679718,0.5579453110694885,0.5732148289680481,0.5318691730499268,0.5566765666007996,0.47690004110336304,0.5046597719192505,0.4880039393901825,0.5641579166654966,0.6121826113794681,0.6550852415410603,0.6674995238600979
294,0.511985719203949,0.8291240334510803,0.6388409733772278,0.5569462180137634,0.8358742594718933,0.6685174107551575,0.5098083019256592,0.7911509275436401,0.622345507144928,0.6564682780963499,0.729049661268001,0.7333453496678315,0.7342346490436179
297,0.44610393047332764,1.14992094039917,0.7276307344436646,0.2966376841068268,1.215917706489563,0.6643496751785278,0.2982620894908905,1.133626937866211,0.6324080228805542,0.8048807425860849,0.8324049270067587,0.8143345770400211,0.8156519674684437
298,0.5777320861816406,1.0787599086761475,0.7781432271003723,0.6516879200935364,1.1454750299453735,0.8492027521133423,0.5585406422615051,1.058195948600769,0.7584028840065002,0.732497461269359,0.8775789237701367,0.830016958236505,0.8317929910597349
299,0.4592573046684265,0.43287456035614014,0.44870424270629883,0.4596158266067505,0.4308723509311676,0.4481184184551239,0.3956710398197174,0.3704817593097687,0.38559529185295105,0.5177735345067356,0.5483918466824858,0.6225410864991539,0.642038376928389
301,0.5623971223831177,1.1304339170455933,0.78961181640625,0.5851995348930359,1.1483113765716553,0.8104442358016968,0.5395706295967102,1.1398001909255981,0.7796623706817627,0.8413462197822781,0.8650654663540538,0.8866692815810747,0.9174395250912531
302,0.3445183038711548,0.5378262996673584,0.42184150218963623,0.38875308632850647,0.5405194163322449,0.4494595229625702,0.34684228897094727,0.5195804238319397,0.41593751311302185,0.6464490986996062,0.6819407794238384,0.7392079280459669,0.7345240000207374
303,0.662822425365448,0.7892293930053711,0.7133852243423462,0.6857008337974548,0.7989423274993896,0.7309974431991577,0.6723308563232422,0.7168434262275696,0.6901357769966125,0.7313185584751375,0.7911788228644666,0.7973517830350292,0.7996049105444829
304,0.6677561402320862,0.9538915157318115,0.7822102904319763,0.6617270708084106,0.9485739469528198,0.7764657735824585,0.6086606383323669,0.9125440716743469,0.73021399974823,0.8255662074499482,0.8390484152610654,0.8812854035257219,0.9304008505359128
306,0.4835081398487091,0.8570886254310608,0.6329402923583984,0.5144006013870239,0.8691772818565369,0.6563112735748291,0.4833919405937195,0.859845757484436,0.6339733600616455,0.6776061998645326,0.7209107958818013,0.7358837863339702,0.7325516133571173
308,0.5725842714309692,0.7632231116294861,0.6488398313522339,0.6126329898834229,0.7675395607948303,0.6745957136154175,0.5529723763465881,0.7506961822509766,0.6320618391036987,0.6234796202602003,0.6834954020159294,0.6944396050024627,0.6965364812202544
309,0.3567085862159729,0.9718080759048462,0.6027483344078064,0.36873701214790344,0.9790518879890442,0.6128628849983215,0.29480230808258057,0.9526689648628235,0.557948887348175,0.7579974263673419,0.7886600054046421,0.817974058119433,0.841344064123662
311,0.526645302772522,0.9043556451797485,0.6777294278144836,0.5701647400856018,0.9190034866333008,0.7096999883651733,0.5237849950790405,0.9001369476318359,0.6743258833885193,0.6991306088290221,0.7227333969786487,0.7221258896981377,0.723467892230259
313,0.45492929220199585,0.9834712147712708,0.66634601354599,0.5024088025093079,1.0223346948623657,0.7103791832923889,0.43078795075416565,0.9696441888809204,0.6463304758071899,0.6680634800062899,0.7526689209255316,0.7274097562495746,0.7278903803172048
316,0.5781698822975159,0.7896374464035034,0.6627569198608398,0.5678354501724243,0.798011839389801,0.6599060893058777,0.5560648441314697,0.7799760103225708,0.645629346370697,0.7394721789392984,0.736343995148615,0.7811577275691711,0.7794607674411916
317,0.4389194846153259,0.7184948325157166,0.5507495403289795,0.44486865401268005,0.7168424129486084,0.5536582469940186,0.4160844385623932,0.7124316096305847,0.5346233248710632,0.5948085494586884,0.6131657658489964,0.6211939282013291,0.6374995658919472
320,0.4580235779285431,0.8141341805458069,0.6004678010940552,0.4657853841781616,0.8158637881278992,0.6058167815208435,0.40659987926483154,0.7696866393089294,0.5518346428871155,0.6376141744198454,0.6533405293968108,0.693918220981786,0.6897133271909992
321,0.36282870173454285,0.6312025189399719,0.47017818689346313,0.41078490018844604,0.6360722184181213,0.5008998513221741,0.37027987837791443,0.6257875561714172,0.47248294949531555,0.6486097552241247,0.6820044595009753,0.8261847825177422,0.8215988450685663
322,0.5528375506401062,0.706585705280304,0.6143367290496826,0.5658167004585266,0.7044805884361267,0.6212822794914246,0.4924243986606598,0.7053744792938232,0.5776044726371765,0.5997429561416402,0.6529830242865317,0.6933744550595149,0.696937536605205
323,0.3489057123661041,0.4108852744102478,0.3736974000930786,0.3601074814796448,0.4317089915275574,0.38874807953834534,0.34984105825424194,0.40908658504486084,0.37353914976119995,0.5288373873395975,0.555238876204412,0.6466339776613015,0.6653230120977355
324,0.4775952100753784,0.7446964383125305,0.5844357013702393,0.5017553567886353,0.7520716190338135,0.6018818020820618,0.4666948616504669,0.7187991738319397,0.5675365924835205,0.6617051177137206,0.7004874968344925,0.6855312347855109,0.687416304651608
325,0.274777352809906,0.5169888138771057,0.3716619312763214,0.30692026019096375,0.5204865336418152,0.3923467695713043,0.2751159965991974,0.484931081533432,0.35904204845428467,0.6044463444425003,0.6226708489221318,0.6441567627600192,0.6739400524706973
326,0.42791688442230225,0.5605073571205139,0.48095306754112244,0.4196547865867615,0.55991131067276,0.4757573902606964,0.3961385488510132,0.5378910303115845,0.4528394937515259,0.5457318434987833,0.565026513090874,0.622644740015232,0.6374858774636509
331,0.33980104327201843,0.606753945350647,0.44658219814300537,0.36746612191200256,0.6136829853057861,0.46595290303230286,0.3293052017688751,0.6086888909339905,0.4410587251186371,0.6214180911101993,0.6324254958682559,0.7268007239855924,0.7308402695414717
332,0.2776685059070587,0.47668418288230896,0.3572748601436615,0.29919204115867615,0.47757625579833984,0.37054571509361267,0.27110570669174194,0.43377503752708435,0.336173415184021,0.563612560614893,0.5849530241053587,0.5525829740465329,0.6097353519403428
333,0.38434892892837524,0.3207088112831116,0.35889291763305664,0.40376633405685425,0.34872740507125854,0.3817507326602936,0.3102143108844757,0.3298968970775604,0.31808730959892273,0.4510232481457545,0.5123520585929368,0.5395380300407667,0.5874913841071798
335,0.569158673286438,0.3660179078578949,0.48790234327316284,0.5597420930862427,0.4217897653579712,0.5045612454414368,0.5383061766624451,0.3477271497249603,0.46207454800605774,0.5031179687640863,0.5663018109472701,0.6228353284704177,0.629987671456858
338,0.5894062519073486,0.7402067184448242,0.6497264504432678,0.5897058248519897,0.7364457845687866,0.6484019160270691,0.5593799352645874,0.7199550867080688,0.6236101388931274,0.6838072066701111,0.699673268615717,0.7296505737140917,0.7310116838486783
339,0.6411579251289368,0.8401938676834106,0.7207724452018738,0.6780473589897156,0.8486831784248352,0.7463017106056213,0.6241608262062073,0.8134421706199646,0.6998732686042786,0.7379290210411359,0.7706769278107888,0.804244479305142,0.8032090435482425
343,0.5702255368232727,1.3501402139663696,0.8821914196014404,0.6461547017097473,1.4135078191757202,0.9530960917472839,0.46053439378738403,1.1806856393814087,0.7485948801040649,0.8056924249194672,0.9809157164392754,0.8901955853799218,0.934576979775622
346,0.7269107699394226,1.2406986951828003,0.9324260950088501,0.7270980477333069,1.3070281744003296,0.959070086479187,0.676287829875946,1.2067196369171143,0.8884605765342712,0.918120899116386,0.9944306802658112,0.9086521918659458,0.9897342382778384
347,0.4296285808086395,0.7349287867546082,0.5517485737800598,0.45545393228530884,0.7314449548721313,0.5658502578735352,0.3450043499469757,0.7226147055625916,0.4960484802722931,0.5987339783688652,0.6460204685523929,0.6760429577209129,0.6807730941409292
349,0.5975208878517151,0.8896694779396057,0.7143803238868713,0.5788944959640503,0.909231960773468,0.7110294103622437,0.5278846621513367,0.8857447504997253,0.6710286736488342,0.6686606766675105,0.7147904489023285,0.6919362423049856,0.6964714618565965
351,0.6373859643936157,1.4428428411483765,0.9595687389373779,0.6859683990478516,1.492791771888733,1.0086976289749146,0.5676154494285583,1.3564666509628296,0.8831560611724854,0.9293883299123316,1.014493590703167,0.9168789471941022,0.9951869178879008
352,0.5772368311882019,1.1301442384719849,0.798399806022644,0.5999274849891663,1.176689863204956,0.8306323885917664,0.5699703693389893,1.1153275966644287,0.7881132364273071,0.8348941922859201,0.8944510618036543,0.862686595665154,0.8908084917874379
